Tc,Wb,Ec,Lb,Tb,Ea,σa,εa,Ab,Ar,Jt,Bt
1.4,10,159.4,130,0.5,1.9,32,4,1300,13,1,1
1.4,30,155.9,130,0.42,1.744,30,4.6,3900,4.33,1,1
1.4,10,159.4,50,0.5,1.9,32,4,500,5,1,1
1.4,50,150,250,0.98,3.2,30,1.32,12500,5,1,0
1.26,10,163.3,60,1,8.432,21.76,0.34,600,6,1,0
1.4,50,164,350,0.5,4.84,41.8,1.08,17500,7,0,0
1.4,50,164,90,1,12.2,27.6,0.29,4500,1.8,0,0
1.4,20,457.8,120,0.5,1.9,32,4,2400,6,1,1
0.2,50,205,100,0.5,2.229,34,1.8,5000,2,1,0
1.4,50,164,350,3.1,12.2,27.6,0.29,17500,7,0,0
0.2,50,205,100,0.5,2.229,34,1.8,5000,2,1,0
0.5,25,230,85,0.7,2.03,24.8,1.22,2125,3.4,1,1
1.4,50,164,110,1,4.84,41.8,1.08,5500,2.2,0,0
1.4,10,159.4,130,0.5,1.9,32,4,1300,13,1,1
2.971,30,165,13.5,2,4.5,30,0.09,405,0.45,0,0
1.44,25,185,220,1,1.5,25.69,6.79,5500,8.8,0,1
1.4,20,203,40,0.5,1.9,32,4,800,2,1,1
1.4,50,165,120,1,1.7,20.5,1.52,6000,2.4,0,1
1.4,10,159.4,30,0.5,1.9,32,4,300,3,1,1
1.2,50,150,380,2.03,1.75,14.73,1.51,19000,7.6,0,1
1.4,10,159.4,60,0.5,1.9,32,4,600,6,1,1
1.4,30,197,150,1.1,4.5,32,0.3,4500,5,1,0
1.4,50,164,80,1,1.7,20.5,1.52,4000,1.6,0,1
2,25,183,60,0.69,1.45,19,2.98,1500,2.4,1,0
2.799,30,165,13.7,2,4.5,30,0.09,411,0.46,0,0
0.2,50,205,80,0.5,2.229,34,1.8,4000,1.6,1,0
1.4,50,164,350,1.86,12.2,27.6,0.29,17500,7,0,0
1.4,50,150,150,0.96,3.2,30,1.32,7500,3,1,0
1.5,25,173,200,0.47,1.74,39.7,6.24,5000,8,0,1
0.5,25,230,80,0.7,2.03,24.8,1.22,2000,3.2,0,1
1.4,10,159.4,130,0.5,1.9,32,4,1300,13,1,1
1.4,50,164,350,1.05,1.75,15.1,1.74,17500,7,0,1
1.2,50,165,350,1.07,4.01,22.53,0.56,17500,7,0,0
1.4,25,205,75,1,1.35,34.9,13.6,1875,3,1,1
1.4,20,159.4,60,0.5,1.9,32,4,1200,3,1,1
1.4,20,203,30,0.5,1.9,32,4,600,1.5,1,1
1.4,10,159.4,90,0.5,1.9,32,4,900,9,1,1
1.4,25,205,75,1,7.6,33.16,0.54,1875,3,1,0
1.26,10,163.3,125,1,8.432,21.76,0.34,1250,12.5,1,0
1.4,25,205,50,1,7.6,33.16,0.54,1250,2,1,0
1.4,10,159.4,50,0.5,1.9,32,4,500,5,1,1
1.4,60,197,120,1,4.5,32,0.3,7200,2,1,0
1.4,50,161.2,180,1.24,11.14,25,0.3,9000,3.6,0,0
1.4,50,164,350,0.54,12.2,27.6,0.29,17500,7,0,0
1.4,50,235,380,1.04,1.75,14.73,1.51,19000,7.6,0,1
0.84,25,640,75,1,1.35,34.9,13.6,1875,3,1,1
1.4,25,205,50,1,1.35,34.9,13.6,1250,2,1,1
1.4,50,165,100,1,1.7,20.5,1.52,5000,2,0,1
1.4,50,165,80,0.8,5.3,38,1.13,4000,1.6,1,1
1.4,20,159.4,70,0.5,1.9,32,4,1400,3.5,1,1
1.4,10,159.4,120,0.5,1.9,32,4,1200,12,1,1
1.4,50,165,80,0.5,5.3,38,1.13,4000,1.6,1,1
1.4,50,340,380,1.02,1.75,14.73,1.51,19000,7.6,0,1
1.4,25,205,75,1,7.6,33.16,0.54,1875,3,1,0
1.4,50,164,350,1.01,12.2,27.6,0.29,17500,7,0,0
1.4,10,159.4,90,0.5,1.9,32,4,900,9,1,1
1.4,50,164,350,1,3.85,38.3,1.51,17500,7,0,0
1.44,25,185,220,1,3.13,50,1.6,5500,8.8,0,0
1.4,50,165,80,0.6,5.3,38,1.13,4000,1.6,1,1
1.4,50,165,350,1,3.85,38.3,1.51,17500,7,0,0
1.2,50,165,350,0.83,10.79,20.48,0.19,17500,7,0,0
1.4,50,165,350,1,1.7,20.5,1.52,17500,7,0,1
1.26,10,163.3,75,1,8.432,21.76,0.34,750,7.5,1,0
1.4,30,197,30,0.65,4.5,32,0.3,900,1,1,0
1.4,30,155.9,90,0.38,1.744,30,4.6,2700,3,1,1
1.4,25,205,75,1,1.24,23.3,18.4,1875,3,1,1
1.4,50,165,350,1,4.84,41.8,1.68,17500,7,0,0
1.4,50,164,350,1,3.85,38.3,1.51,17500,7,0,0
1.2,50,165,350,6.05,10.79,20.48,0.19,17500,7,0,0
1.45,50,478.73,250,0.38,1.9,28.6,2.4,12500,5,1,1
0.2,50,205,90,0.5,2.229,34,1.8,4500,1.8,1,0
2.984,20,165,15.7,2,4.5,30,0.09,314,0.79,0,0
1.8,25,117,30,0.54,4.95,30,0.61,750,1.2,1,1
1.4,50,150,120,1.03,3.2,30,1.32,6000,2.4,1,0
1.2,50,150,300,1.07,11.25,22.34,0.3,15000,6,0,0
1.44,25,185,220,1,1.75,15.1,1.74,5500,8.8,0,1
3,50,164,350,0.5,1.7,20.5,1.52,17500,7,0,1
1.26,10,163.3,100,1,8.432,21.76,0.34,1000,10,1,0
1.2,50,150,300,2.06,11.25,22.34,0.3,15000,6,0,0
1.4,20,159.4,30,0.5,1.9,32,4,600,1.5,1,1
1.4,50,164,90,1.03,1.75,15.1,1.74,4500,1.8,0,1
1.4,50,161.2,180,1.13,2.73,27.5,1.57,9000,3.6,0,0
1.4,50,165,80,0.5,5.3,38,1.13,4000,1.6,1,1
1.4,25,205,75,1,12.915,35.03,0.28,1875,3,1,0
1.4,50,156,300,0.5,1.87,21.82,3.77,15000,6,0,1
1.2,50,150,300,1.04,4.82,31.28,0.75,15000,6,0,0
1.4,25,205,75,1,12.915,35.03,0.28,1875,3,1,0
1.4,50,164,110,0.91,1.75,15.1,1.74,5500,2.2,0,1
1.4,20,159.4,110,0.5,1.9,32,4,2200,5.5,1,1
1.4,20,203,80,0.5,1.9,32,4,1600,4,1,1
1.4,10,159.4,60,0.5,1.9,32,4,600,6,1,1
1.9,25,183,60,0.73,1.45,19,2.98,1500,2.4,1,1
1.4,10,159.4,30,0.5,1.9,32,4,300,3,1,1
1.4,50,164,350,1.05,1.75,15.1,1.74,17500,7,0,0
1.2,50,150,300,1.03,11.25,22.34,0.3,15000,6,0,0
1.5,25,173,200,0.43,3.15,52.81,1.92,5000,8,0,0
1.4,50,156,300,0.5,8.44,28.94,0.42,15000,6,0,0
1.4,50,165,100,1,1.7,20.5,1.52,5000,2,0,1
0.84,25,640,75,1,1.35,34.9,13.6,1875,3,1,1
1.4,10,159.4,30,0.5,1.9,32,4,300,3,1,1
1.4,25,205,75,1,7.6,33.16,0.54,1875,3,1,0
1.4,10,159.4,110,0.5,1.9,32,4,1100,11,1,1
1.2,50,165,120,1,3.65,21.4,0.59,6000,2.4,0,0
1.4,25,205,75,1,1.35,34.9,13.6,1875,3,1,1
0.2,50,205,80,0.5,2.229,34,1.8,4000,1.6,1,0
1.4,50,165,350,1,4.84,41.8,1.13,17500,7,0,0
1.9,25,183,60,0.71,1.45,19,2.98,1500,2.4,1,0
0.5,25,230,200,0.7,2.03,24.8,1.22,5000,8,0,1
0.5,25,230,90,0.7,2.03,24.8,1.22,2250,3.6,1,1
1.4,20,159.4,100,0.5,1.9,32,4,2000,5,1,1
1.4,50,161.2,180,1.28,1.5,29,4.6,9000,3.6,0,1
0.2,50,205,60,0.5,2.229,34,1.8,3000,1.2,1,0
1.2,50,210,120,1,11.25,22.34,0.2,6000,2.4,0,0
1.4,60,197,60,0.8,4.5,32,0.3,3600,1,1,0
1.4,20,457.8,130,0.5,1.9,32,4,2600,6.5,1,1
1.4,30,197,120,1,4.5,32,0.3,3600,4,1,0
1.4,50,164,70,0.96,1.75,15.1,1.74,3500,1.4,0,1
1.2,50,165,350,3.88,4.01,22.53,0.56,17500,7,0,0
1.8,25,117,60,0.9,4.95,30,0.61,1500,2.4,1,0
1.9,25,183,30,0.71,1.45,19,2.98,750,1.2,1,0
1.2,50,210,120,1,11.25,22.34,0.2,6000,2.4,0,0
0.2,50,205,60,0.5,2.229,34,1.8,3000,1.2,1,0
1.5,50,205,30,0.5,2.229,34,1.8,1500,0.6,1,0
1.4,50,164,350,1,4.84,41.8,1.68,17500,7,0,0
1.4,50,150,80,0.92,3.2,30,1.32,4000,1.6,1,0
1.4,25,205,75,0.6,1.35,34.9,13.6,1875,3,1,1
1.4,50,165,80,0.8,5.3,38,1.13,4000,1.6,1,1
1.26,10,163.3,50,1,8.432,21.76,0.34,500,5,1,0
1.2,50,165,350,0.88,5.43,13.89,0.26,17500,7,0,0
1.44,25,185,220,1,1.75,15.1,1.74,5500,8.8,0,1
1.4,50,161.2,180,1.17,4.43,30,0.54,9000,3.6,0,0
0.5,25,230,100,0.7,2.03,24.8,1.22,2500,4,1,1
1.4,50,164,350,1,4.84,41.8,1.08,17500,7,0,0
1.4,50,164,350,1,1.7,20.5,1.74,17500,7,0,1
1.4,50,165,50,1,4.84,41.8,1.13,2500,1,0,0
1.4,50,156,300,0.5,8.44,28.94,0.42,15000,6,0,0
1.4,10,159.4,40,0.5,1.9,32,4,400,4,1,1
1.4,10,159.4,30,0.5,1.9,32,4,300,3,1,1
1.4,10,159.4,40,0.5,1.9,32,4,400,4,1,1
1.44,25,185,220,1,1.75,15.1,1.74,5500,8.8,0,1
1.4,20,203,90,0.5,1.9,32,4,1800,4.5,1,1
1.4,50,165,80,0.2,5.3,38,1.13,4000,1.6,1,1
1.5,25,173,200,1.4,1.74,39.7,6.24,5000,8,0,1
1.4,50,165,70,1,4.84,41.8,1.13,3500,1.4,0,0
1.4,25,205,75,0.6,7.6,33.16,0.54,1875,3,1,0
1.4,60,197,60,0.8,4.5,32,0.3,3600,1,1,0
1.2,50,150,300,1.53,11.25,22.34,0.3,15000,6,0,0
1.4,50,165,50,1,4.84,41.8,1.13,2500,1,0,0
1.4,50,165,350,1,4.84,41.8,1.68,17500,7,0,0
0.2,50,205,10,0.5,2.229,34,1.8,500,0.2,1,0
1.4,50,150,200,0.97,3.2,30,1.32,10000,4,1,0
1.45,50,478.73,50,0.36,1.9,28.6,2.4,2500,1,1,1
1.4,10,159.4,120,0.5,1.9,32,4,1200,12,1,1
1.44,25,185,220,1,1.5,25.69,6.79,5500,8.8,0,1
0.5,25,230,50,0.7,2.03,24.8,1.22,1250,2,0,1
1.4,10,159.4,40,0.5,1.9,32,4,400,4,1,1
0.2,50,205,60,0.5,2.229,34,1.8,3000,1.2,1,0
1.2,25,170,75,1,7.6,33.16,0.54,1875,3,1,0
1.4,10,159.4,40,0.5,1.9,32,4,400,4,1,1
6,50,200,300,1.02,11.25,22.34,0.3,15000,6,0,0
1.4,20,457.8,30,0.5,1.9,32,4,600,1.5,1,1
3.019,20,165,11,2,4.5,30,0.09,220,0.55,0,0
1.5,25,173,200,1.5,1.74,39.7,6.24,5000,8,0,1
1.4,20,203,50,0.5,1.9,32,4,1000,2.5,1,1
1.4,25,205,75,1.6,1.35,34.9,13.6,1875,3,1,1
0.5,25,230,140,0.7,2.03,24.8,1.22,3500,5.6,1,1
1.7,25,117,60,0.97,4.95,30,0.61,1500,2.4,1,0
0.5,25,230,100,0.7,2.03,24.8,1.22,2500,4,0,1
0.5,25,230,120,0.7,2.03,24.8,1.22,3000,4.8,1,1
1.4,30,155.9,50,0.42,1.744,30,4.6,1500,1.67,1,1
1.4,30,197,30,0.65,4.5,32,0.3,900,1,1,0
1.44,25,185,220,1,11.3,33.1,0.29,5500,8.8,0,0
1.4,50,161.2,180,1.33,11.14,25,0.3,9000,3.6,0,0
1.2,50,165,350,1.9,10.79,20.48,0.19,17500,7,0,0
1.4,25,205,75,1,1.35,34.9,13.6,1875,3,1,1
1.7,25,183,60,1.93,1.45,19,2.98,1500,2.4,1,1
1.4,30,155.9,70,0.36,1.744,30,4.6,2100,2.33,1,1
1.26,10,163.3,110,1,8.432,21.76,0.34,1100,11,1,0
1.4,25,205,75,1,12.915,35.03,0.28,1875,3,1,0
0.5,25,230,90,0.7,2.03,24.8,1.22,2250,3.6,0,1
1.4,60,197,120,1,4.5,32,0.3,7200,2,1,0
0.5,25,230,160,0.7,2.03,24.8,1.22,4000,6.4,0,1
1.2,50,165,350,1.58,5.43,13.89,0.26,17500,7,0,0
1.4,10,159.4,50,0.5,1.9,32,4,500,5,1,1
1.4,50,150,250,1.03,3.2,30,1.32,12500,5,1,0
1.4,50,150,120,0.93,3.2,30,1.32,6000,2.4,1,0
1.4,50,164,150,1.05,1.75,15.1,1.74,7500,3,0,1
1.4,20,203,70,0.5,1.9,32,4,1400,3.5,1,1
3.041,20,165,11.4,2,4.5,30,0.09,228,0.57,0,0
1.2,50,150,300,1.01,1.83,21.46,2.98,15000,6,0,1
1.2,50,165,180,1.19,4.43,30,0.54,9000,3.6,0,0
1.5,50,205,30,0.5,2.229,34,1.8,1500,0.6,1,0
1.4,30,155.9,110,0.42,1.744,30,4.6,3300,3.67,1,1
1.4,50,164,120,1,1.7,20.5,1.52,6000,2.4,0,1
3.016,30,165,9.1,2,4.5,30,0.09,273,0.3,0,0
1.4,20,457.8,90,0.5,1.9,32,4,1800,4.5,1,1
2.3,52,460,120,1,2.4,29.5,1.23,6240,2.31,0,1
1.4,25,205,75,1,1.35,34.9,13.6,1875,3,1,1
1.4,20,159.4,40,0.5,1.9,32,4,800,2,1,1
1.4,20,159.4,80,0.5,1.9,32,4,1600,4,1,1
1.4,25,205,75,1,1.35,34.9,13.6,1875,3,1,1
1.4,50,150,120,1.02,3.2,30,1.32,6000,2.4,1,0
1.4,20,159.4,130,0.5,1.9,32,4,2600,6.5,1,1
1.45,50,478.73,50,0.43,9.28,24,0.3,2500,1,1,0
0.5,25,230,80,0.7,2.03,24.8,1.22,2000,3.2,1,1
1.4,50,161.2,180,1.22,1.5,29,4.6,9000,3.6,0,1
1.4,30,197,60,0.8,4.5,32,0.3,1800,2,1,0
1.4,30,197,90,0.9,4.5,32,0.3,2700,3,1,0
1.2,50,150,300,1.03,1.83,21.46,2.98,15000,6,0,1
1.2,50,150,300,1.02,1.75,14.73,1.51,15000,6,0,1
1.4,50,164,30,1.05,12.2,27.6,0.29,1500,0.6,0,0
1.4,25,205,30,1,1.35,34.9,13.6,750,1.2,1,1
1.4,50,164,350,0.97,12.2,27.6,0.29,17500,7,0,0
1.4,50,165,350,1,1.7,20.5,1.74,17500,7,0,1
1.4,25,205,75,1,1.24,23.3,18.4,1875,3,1,1
1.4,10,159.4,70,0.5,1.9,32,4,700,7,1,1
1.4,20,457.8,100,0.5,1.9,32,4,2000,5,1,1
1.4,50,164,350,0.5,1.7,20.5,1.52,17500,7,0,1
1.4,50,164,350,0.5,1.7,20.5,1.52,17500,7,0,1
1.2,100,157.99,250,1,4.01,22.53,0.56,25000,2.5,0,0
1.4,20,457.8,50,0.5,1.9,32,4,1000,2.5,1,1
0.5,25,230,110,0.7,2.03,24.8,1.22,2750,4.4,0,1
1.4,50,170,200,1.04,11.25,25.3,0.3,10000,4,0,0
1.4,30,197,150,1.1,4.5,32,0.3,4500,5,1,0
2.991,10,165,16.3,2,4.5,30,0.09,163,1.63,0,0
1.4,50,164,350,1.9,1.75,15.1,1.74,17500,7,0,0
1.5,50,205,40,0.5,2.229,34,1.8,2000,0.8,1,0
1.2,50,165,350,1.76,10.79,20.48,0.19,17500,7,0,0
1.9,25,117,60,2.16,4.95,30,0.61,1500,2.4,1,0
1.4,50,164,350,1,3.85,38.3,1.33,17500,7,0,0
1.4,50,235,300,1.01,11.25,22.34,0.3,15000,6,0,0
1.4,50,165,350,1,3.85,38.3,1.51,17500,7,0,0
1.4,50,164,350,2,1.7,20.5,1.52,17500,7,0,1
1.4,10,159.4,90,0.5,1.9,32,4,900,9,1,1
1.4,50,165,350,1,1.7,20.5,1.52,17500,7,0,1
1.4,10,159.4,100,0.5,1.9,32,4,1000,10,1,1
1.4,25,205,75,1,7.6,33.16,0.54,1875,3,1,0
0.5,25,230,60,0.7,2.03,24.8,1.22,1500,2.4,0,1
1.4,10,159.4,120,0.5,1.9,32,4,1200,12,1,1
1.4,20,159.4,50,0.5,1.9,32,4,1000,2.5,1,1
1.4,50,161.2,180,1.23,4.43,30,0.54,9000,3.6,0,0
1.9,25,117,60,0.9,4.95,30,0.61,1500,2.4,1,0
1.4,10,159.4,110,0.5,1.9,32,4,1100,11,1,1
1.4,50,164,350,2,3.85,38.3,1.33,17500,7,0,0
1.2,50,165,180,1.13,4.43,30,0.54,9000,3.6,0,0
1.4,30,197,60,0.8,4.5,32,0.3,1800,2,1,0
1.4,25,205,75,1,1.35,34.9,13.6,1875,3,1,1
1.4,30,155.9,130,0.39,1.744,30,4.6,3900,4.33,1,1
1.4,30,155.9,50,0.41,1.744,30,4.6,1500,1.67,1,1
3.045,20,165,10.7,2,4.5,30,0.09,214,0.54,0,0
1.4,25,205,75,1.6,7.6,33.16,0.54,1875,3,1,0
1.4,50,164,350,1,4.84,41.8,1.08,17500,7,0,0
1.44,25,185,220,1,11.2,30,0.27,5500,8.8,0,0
1.4,50,150,150,0.93,3.2,30,1.32,7500,3,1,0
1.2,50,165,120,1,3.65,21.4,0.59,6000,2.4,0,0
1.4,50,156,300,0.5,1.95,26.13,4.37,15000,6,0,1
1.4,30,155.9,90,0.42,1.744,30,4.6,2700,3,1,1
1.4,10,159.4,40,0.5,1.9,32,4,400,4,1,1
1.4,30,197,150,1.1,4.5,32,0.3,4500,5,1,0
1.4,10,159.4,50,0.5,1.9,32,4,500,5,1,1
1.4,25,205,75,1,7.6,33.16,0.54,1875,3,1,0
1.4,10,159.4,120,0.5,1.9,32,4,1200,12,1,1
1.45,50,478.73,100,0.4,9.28,24,0.3,5000,2,1,0
2.976,30,165,14.3,2,4.5,30,0.09,429,0.48,0,0
1.4,50,164,130,0.93,1.75,15.1,1.74,6500,2.6,0,1
1.4,50,156,300,0.5,1.87,21.82,3.77,15000,6,0,1
1.4,50,164,350,2,1.7,20.5,1.52,17500,7,0,1
2.3,52,460,120,1,2.4,29.5,1.23,6240,2.31,0,1
1.44,25,185,220,1,1.5,25.69,6.79,5500,8.8,0,1
1.8,25,117,60,2.05,4.95,30,0.61,1500,2.4,1,1
1.4,50,165,350,0.5,1.7,20.5,1.52,17500,7,0,1
1.26,10,163.3,90,1,8.432,21.76,0.34,900,9,1,0
1.4,50,170,200,1.5,11.25,25.3,0.3,10000,4,0,0
1.4,10,159.4,130,0.5,1.9,32,4,1300,13,1,1
1.4,50,150,250,0.96,3.2,30,1.32,12500,5,1,0
1.2,50,165,120,1,3.65,21.4,0.59,6000,2.4,0,0
1.4,60,197,120,1,4.5,32,0.3,7200,2,1,0
1.4,10,159.4,80,0.5,1.9,32,4,800,8,1,1
1.4,25,205,75,1.6,7.6,33.16,0.54,1875,3,1,0
1.4,25,205,30,1,7.6,33.16,0.54,750,1.2,1,0
1.5,50,205,40,0.5,2.229,34,1.8,2000,0.8,1,0
1.4,10,159.4,120,0.5,1.9,32,4,1200,12,1,1
1.4,60,197,120,1,4.5,32,0.3,7200,2,1,0
1.4,10,159.4,130,0.5,1.9,32,4,1300,13,1,1
1.4,25,205,75,1,1.35,34.9,13.6,1875,3,1,1
1.4,60,197,150,1.1,4.5,32,0.3,9000,2.5,1,0
1.4,50,164,350,1.01,12.2,27.6,0.29,17500,7,0,0
1.7,25,117,30,0.91,4.95,30,0.61,750,1.2,1,0
1.4,50,164,350,1,1.7,20.5,1.52,17500,7,0,1
1.4,50,165,80,1,5.3,38,1.13,4000,1.6,1,1
1.4,50,150,150,1.03,3.2,30,1.32,7500,3,1,0
1.2,50,165,350,1.82,5.43,13.89,0.26,17500,7,0,0
1.4,30,155.9,70,0.44,1.744,30,4.6,2100,2.33,1,1
1.4,50,164,350,0.52,1.75,15.1,1.74,17500,7,0,0
1.4,20,203,100,0.5,1.9,32,4,2000,5,1,1
1.4,50,165,80,0.5,5.3,38,1.13,4000,1.6,1,1
1.4,50,164,360,1.94,1.75,15.1,1.74,18000,7.2,0,0
1.4,25,205,75,1,7.6,33.16,0.54,1875,3,1,0
1.45,50,478.73,260,0.39,1.9,28.6,2.4,13000,5.2,1,1
1.4,10,159.4,70,0.5,1.9,32,4,700,7,1,1
2.1,25,183,30,0.43,1.45,19,2.98,750,1.2,1,1
1.5,25,173,200,0.89,3.15,52.81,1.92,5000,8,0,0
1.4,30,197,60,0.8,4.5,32,0.3,1800,2,1,0
1.4,50,165,350,1,1.7,20.5,1.74,17500,7,0,1
0.2,50,205,20,0.5,2.229,34,1.8,1000,0.4,1,0
1.4,50,164,350,3.16,12.2,27.6,0.29,17500,7,0,0
1.45,50,478.73,30,0.34,9.28,24,0.3,1500,0.6,1,0
1.4,50,165,350,1,4.84,41.8,1.08,17500,7,0,0
2.1,25,183,30,0.5,1.45,19,2.98,750,1.2,1,1
1.4,50,340,300,1.2,11.25,22.34,0.3,15000,6,0,0
1.4,50,164,350,0.5,4.84,41.8,1.08,17500,7,0,0
1.4,30,155.9,110,0.36,1.744,30,4.6,3300,3.67,1,1
1.4,10,159.4,130,0.5,1.9,32,4,1300,13,1,1
1.4,10,159.4,50,0.5,1.9,32,4,500,5,1,1
1.45,50,478.73,70,0.34,1.9,28.6,2.4,3500,1.4,1,1
1.4,10,159.4,40,0.5,1.9,32,4,400,4,1,1
1.4,50,165,110,1,4.84,41.8,1.13,5500,2.2,0,0
2.908,30,165,7.8,2,4.5,30,0.09,234,0.26,0,0
0.168,25,640,75,1,3.255,57.6,1.9,1875,3,1,0
1.4,50,164,350,1,1.7,20.5,1.74,17500,7,0,1
1.4,10,159.4,100,0.5,1.9,32,4,1000,10,1,1
1.45,50,478.73,70,0.4,9.28,24,0.3,3500,1.4,1,0
1.8,25,183,60,0.56,1.45,19,2.98,1500,2.4,1,1
1.4,50,150,120,0.9,3.2,30,1.32,6000,2.4,1,0
1.4,30,155.9,30,0.41,1.744,30,4.6,900,1,1,1
1.44,25,185,220,1,3.13,50,1.6,5500,8.8,0,0
1.4,10,159.4,100,0.5,1.9,32,4,1000,10,1,1
1.4,50,161.2,180,1.44,2.73,27.5,1.57,9000,3.6,0,0
1.4,50,156,300,0.5,1.95,26.13,4.37,15000,6,0,1
1.4,50,165,350,1,3.85,38.3,1.33,17500,7,0,0
1.9,25,183,30,0.67,1.45,19,2.98,750,1.2,1,0
1.4,50,165,80,0.6,5.3,38,1.13,4000,1.6,1,1
1.4,50,164,350,1,4.84,41.8,1.08,17500,7,0,0
1.2,50,165,350,6.12,4.01,22.53,0.56,17500,7,0,0
1.4,50,150,250,0.99,3.2,30,1.32,12500,5,1,0
1.5,25,173,200,1,1.74,39.7,6.24,5000,8,0,1
1.4,50,170,200,2.05,11.25,25.3,0.33,10000,4,0,0
1.2,50,150,380,3.04,1.75,14.73,1.51,19000,7.6,0,1
1.4,50,150,200,1.09,3.2,30,1.32,10000,4,1,0
1.4,25,205,75,1,12.915,35.03,0.28,1875,3,1,0
1.44,25,185,220,1,1.5,25.69,6.79,5500,8.8,0,1
1.2,50,165,350,3.98,10.79,20.48,0.19,17500,7,0,0
0.2,50,205,20,0.5,2.229,34,1.8,1000,0.4,1,0
1.4,50,164,350,1,3.85,38.3,1.33,17500,7,0,0
1.4,10,159.4,70,0.5,1.9,32,4,700,7,1,1
1.4,50,164,50,1.01,12.2,27.6,0.29,2500,1,0,0
1.8,25,117,30,0.51,4.95,30,0.61,750,1.2,1,1
1.8,25,117,60,0.75,4.95,30,0.61,1500,2.4,1,1
1.4,50,165,80,1,1.7,20.5,1.52,4000,1.6,0,1
1.4,50,165,60,1,1.7,20.5,1.52,3000,1.2,0,1
1.8,25,117,60,0.86,4.95,30,0.61,1500,2.4,1,1
1.4,50,164,350,0.5,3.85,38.3,1.33,17500,7,0,0
1.44,25,185,220,1,11.2,30,0.27,5500,8.8,0,0
1.4,20,457.8,80,0.5,1.9,32,4,1600,4,1,1
1.4,50,165,70,1,4.84,41.8,1.13,3500,1.4,0,0
1.4,10,159.4,110,0.5,1.9,32,4,1100,11,1,1
1.4,20,457.8,110,0.5,1.9,32,4,2200,5.5,1,1
1.4,50,150,200,1.1,3.2,30,1.32,10000,4,1,0
1.4,30,197,90,0.9,4.5,32,0.3,2700,3,1,0
1.26,10,163.3,10,1,8.432,21.76,0.34,100,1,1,0
1.4,50,165,350,1,4.84,41.8,1.13,17500,7,0,0
1.4,30,197,120,1,4.5,32,0.3,3600,4,1,0
1.5,50,205,50,0.5,2.229,34,1.8,2500,1,1,0
2.4,100,160.73,250,1,4.01,22.53,0.56,25000,2.5,0,0
1.4,50,164,350,1,1.7,20.5,1.52,17500,7,0,1
0.2,50,205,70,0.5,2.229,34,1.8,3500,1.4,1,0
1.4,50,165,80,0.2,5.3,38,1.13,4000,1.6,1,1
1.4,50,165,350,1,4.84,41.8,1.13,17500,7,0,0
1.4,50,165,60,1,1.7,20.5,1.52,3000,1.2,0,1
1.4,50,165,80,0.4,5.3,38,1.13,4000,1.6,1,1
1.26,10,163.3,200,1,8.432,21.76,0.34,2000,20,1,0
1.4,20,203,120,0.5,1.9,32,4,2400,6,1,1
1.4,50,165,80,0.3,5.3,38,1.13,4000,1.6,1,1
1.4,30,197,90,0.9,4.5,32,0.3,2700,3,1,0
1.9,25,183,60,0.78,1.45,19,2.98,1500,2.4,1,0
1.2,50,150,300,0.99,1.75,14.73,1.51,15000,6,0,1
1.4,20,203,60,0.5,1.9,32,4,1200,3,1,1
1.4,10,159.4,100,0.5,1.9,32,4,1000,10,1,1
1.5,25,173,200,1,1.74,39.7,6.24,5000,8,0,1
1.4,10,159.4,50,0.5,1.9,32,4,500,5,1,1
3.049,20,165,12,2,4.5,30,0.09,240,0.6,0,0
1.4,50,164,350,0.45,1.75,15.1,1.74,17500,7,0,0
0.84,25,640,75,1,3.255,57.6,1.9,1875,3,1,0
2.961,30,165,12.8,2,4.5,30,0.09,384,0.43,0,0
1.9,25,183,30,0.65,1.45,19,2.98,750,1.2,1,0
1.5,25,173,200,1.44,3.15,52.81,1.92,5000,8,0,0
2,25,117,30,0.65,4.95,30,0.61,750,1.2,1,0
1.4,50,150,80,1.01,3.2,30,1.32,4000,1.6,1,0
1.4,50,165,80,0.1,5.3,38,1.13,4000,1.6,1,1
1.4,50,161.2,180,1.2,4.43,30,0.54,9000,3.6,0,0
1.4,50,165,350,1,3.85,38.3,1.33,17500,7,0,0
1.2,50,210,120,1,11.25,22.34,0.2,6000,2.4,0,0
1.8,25,117,30,0.44,4.95,30,0.61,750,1.2,1,1
3,50,164,350,0.5,1.7,20.5,1.52,17500,7,0,1
0.5,25,230,140,0.7,2.03,24.8,1.22,3500,5.6,0,1
0.5,25,230,20,0.7,2.03,24.8,1.22,500,0.8,1,1
1.4,10,159.4,90,0.5,1.9,32,4,900,9,1,1
0.84,25,640,75,1,1.35,34.9,13.6,1875,3,1,1
1.4,25,205,75,1,1.24,23.3,18.4,1875,3,1,1
1.4,50,164,350,0.94,12.2,27.6,0.29,17500,7,0,0
1.4,10,159.4,80,0.5,1.9,32,4,800,8,1,1
1.45,50,478.73,120,0.36,1.9,28.6,2.4,6000,2.4,1,1
1.4,10,159.4,60,0.5,1.9,32,4,600,6,1,1
1.4,60,197,60,0.8,4.5,32,0.3,3600,1,1,0
1.4,25,205,75,0.6,1.35,34.9,13.6,1875,3,1,1
1.4,60,197,120,1,4.5,32,0.3,7200,2,1,0
1.4,30,155.9,30,0.39,1.744,30,4.6,900,1,1,1
1.4,10,159.4,100,0.5,1.9,32,4,1000,10,1,1
1.4,10,159.4,120,0.5,1.9,32,4,1200,12,1,1
1.4,50,165,80,0.5,5.3,38,1.13,4000,1.6,1,1
1.4,50,164,70,1,4.84,41.8,1.08,3500,1.4,0,0
3.014,30,165,14,2,4.5,30,0.09,420,0.47,0,0
1.8,25,183,60,0.66,1.45,19,2.98,1500,2.4,1,1
1.4,50,164,350,0.99,1.75,15.1,1.74,17500,7,0,0
1.4,50,165,80,1,5.3,38,1.13,4000,1.6,1,1
1.44,25,185,220,1,11.3,33.1,0.29,5500,8.8,0,0
1.4,50,165,350,0.5,1.7,20.5,1.52,17500,7,0,1
1.2,50,165,350,1.84,4.01,22.53,0.56,17500,7,0,0
1.44,25,185,220,1,3.13,50,1.6,5500,8.8,0,0
1.44,25,185,220,1,3.13,50,1.6,5500,8.8,0,0
2,25,183,30,0.53,1.45,19,2.98,750,1.2,1,1
1.4,50,150,80,0.91,3.2,30,1.32,4000,1.6,1,0
1.45,50,478.73,30,0.35,1.9,28.6,2.4,1500,0.6,1,1
0.2,50,205,70,0.5,2.229,34,1.8,3500,1.4,1,0
1.4,25,205,75,1,7.6,33.16,0.54,1875,3,1,0
1.4,10,159.4,80,0.5,1.9,32,4,800,8,1,1
1.4,20,457.8,40,0.5,1.9,32,4,800,2,1,1
1.4,25,205,75,1,1.24,23.3,18.4,1875,3,1,1
0.5,25,230,40,0.7,2.03,24.8,1.22,1000,1.6,1,1
1.4,50,165,120,1,1.7,20.5,1.52,6000,2.4,0,1
1.4,50,165,80,0.3,5.3,38,1.13,4000,1.6,1,1
3.05,10,165,15,2,4.5,30,0.09,150,1.5,0,0
0.84,25,640,75,1,1.35,34.9,13.6,1875,3,1,1
3,50,164,350,0.5,4.84,41.8,1.08,17500,7,0,0
1.4,50,164,50,1,4.84,41.8,1.08,2500,1,0,0
1.4,10,159.4,60,0.5,1.9,32,4,600,6,1,1
1.4,50,164,350,2,3.85,38.3,1.33,17500,7,0,0
0.2,50,205,70,0.5,2.229,34,1.8,3500,1.4,1,0
1.2,50,210,120,1,11.25,22.34,0.2,6000,2.4,0,0
1.5,25,173,200,1.46,3.15,52.81,1.92,5000,8,0,0
1.4,50,161.2,180,1.14,4.43,30,0.54,9000,3.6,0,0
1.2,50,165,180,1.18,4.43,30,0.54,9000,3.6,0,0
2,25,183,60,2.06,1.45,19,2.98,1500,2.4,1,0
1.4,10,159.4,80,0.5,1.9,32,4,800,8,1,1
1.4,50,165,80,0.4,5.3,38,1.13,4000,1.6,1,1
1.4,50,165,90,1,4.84,41.8,1.13,4500,1.8,0,0
1.4,50,161.2,180,1.27,1.5,29,4.6,9000,3.6,0,1
1.2,50,165,350,1.98,4.01,22.53,0.56,17500,7,0,0
2.4,100,159.56,250,1,10.79,20.48,0.19,25000,2.5,0,0
1.4,20,203,130,0.5,1.9,32,4,2600,6.5,1,1
1.5,25,173,200,0.42,3.15,52.81,1.92,5000,8,0,0
2.3,52,460,120,1,2.4,29.5,1.23,6240,2.31,0,1
1.4,50,164,350,0.56,12.2,27.6,0.29,17500,7,0,0
1.4,10,159.4,70,0.5,1.9,32,4,700,7,1,1
1.4,50,170,200,1.04,11.25,25.3,0.33,10000,4,0,0
1.45,50,478.73,80,0.35,9.28,24,0.3,4000,1.6,1,0
1.2,100,156.24,250,1,10.79,20.48,0.19,25000,2.5,0,0
1.4,20,159.4,90,0.5,1.9,32,4,1800,4.5,1,1
1.4,50,164,120,1.03,12.2,27.6,0.29,6000,2.4,0,0
1.4,20,159.4,120,0.5,1.9,32,4,2400,6,1,1
1.4,25,205,50,1,7.6,33.16,0.54,1250,2,1,0
1.5,25,173,200,0.58,1.74,39.7,6.24,5000,8,0,1
1.4,50,161.2,180,1.15,4.43,30,0.54,9000,3.6,0,0
0.5,25,230,20,0.7,2.03,24.8,1.22,500,0.8,0,1
1.4,50,164,350,1.91,12.2,27.6,0.29,17500,7,0,0
2.99,10,165,15,2,4.5,30,0.09,150,1.5,0,0
1.4,10,159.4,60,0.5,1.9,32,4,600,6,1,1
1.4,20,203,110,0.5,1.9,32,4,2200,5.5,1,1
1.4,10,159.4,90,0.5,1.9,32,4,900,9,1,1
1.26,10,163.3,135,1,8.432,21.76,0.34,1350,13.5,1,0
3.055,20,165,16,2,4.5,30,0.09,320,0.8,0,0
1.44,25,185,220,1,11.3,33.1,0.29,5500,8.8,0,0
1.4,50,150,150,1.02,3.2,30,1.32,7500,3,1,0
1.4,50,165,80,0.1,5.3,38,1.13,4000,1.6,1,1
1.4,50,161.2,180,1.19,2.73,27.5,1.57,9000,3.6,0,0
1.4,50,165,90,1,4.84,41.8,1.13,4500,1.8,0,0
1.4,25,205,75,1,1.35,34.9,13.6,1875,3,1,1
1.5,50,205,40,0.5,2.229,34,1.8,2000,0.8,1,0
1.4,10,159.4,100,0.5,1.9,32,4,1000,10,1,1
0.2,50,205,90,0.5,2.229,34,1.8,4500,1.8,1,0
1.4,10,159.4,110,0.5,1.9,32,4,1100,11,1,1
1.4,10,159.4,80,0.5,1.9,32,4,800,8,1,1
1.4,50,164,90,1,4.84,41.8,1.08,4500,1.8,0,0
1.4,10,159.4,70,0.5,1.9,32,4,700,7,1,1
1.4,50,164,350,0.94,12.2,27.6,0.29,17500,7,0,0
1.4,10,159.4,30,0.5,1.9,32,4,300,3,1,1
1.9,25,117,60,0.74,4.95,30,0.61,1500,2.4,1,1
1.4,50,164,70,0.95,12.2,27.6,0.29,3500,1.4,0,0
1.4,25,205,75,1,7.6,33.16,0.54,1875,3,1,0
1.4,10,159.4,80,0.5,1.9,32,4,800,8,1,1
1.4,50,164,350,2,4.84,41.8,1.08,17500,7,0,0
1.4,25,205,75,1,1.35,34.9,13.6,1875,3,1,1
1.4,50,165,350,1,4.84,41.8,1.08,17500,7,0,0
1.4,25,205,30,1,7.6,33.16,0.54,750,1.2,1,0
1.4,10,159.4,110,0.5,1.9,32,4,1100,11,1,1
1.4,50,164,350,1,4.84,41.8,1.68,17500,7,0,0
1.4,25,205,75,1,1.35,34.9,13.6,1875,3,1,1
1.45,50,478.73,250,0.43,9.28,24,0.3,12500,5,1,0
1.4,20,457.8,70,0.5,1.9,32,4,1400,3.5,1,1
1.4,30,197,30,0.65,4.5,32,0.3,900,1,1,0
1.4,50,150,200,0.97,3.2,30,1.32,10000,4,1,0
1.4,50,165,80,1,1.7,20.5,1.52,4000,1.6,0,1
1.4,50,164,100,1,1.7,20.5,1.52,5000,2,0,1
1.26,10,163.3,25,1,8.432,21.76,0.34,250,2.5,1,0
3.005,20,165,10.3,2,4.5,30,0.09,206,0.52,0,0
1.4,20,457.8,60,0.5,1.9,32,4,1200,3,1,1
1.4,10,159.4,110,0.5,1.9,32,4,1100,11,1,1
1.44,25,185,220,1,1.75,15.1,1.74,5500,8.8,0,1
1.2,25,170,75,1,7.6,33.16,0.54,1875,3,1,0
1.4,50,161.2,180,1.21,11.14,25,0.3,9000,3.6,0,0
1.4,50,150,80,0.99,3.2,30,1.32,4000,1.6,1,0
1.4,50,165,110,1,4.84,41.8,1.13,5500,2.2,0,0
1.4,50,170,200,0.94,11.25,25.3,0.33,10000,4,0,0
1.2,50,165,120,1,3.65,21.4,0.59,6000,2.4,0,0
1.44,25,185,220,1,11.3,33.1,0.29,5500,8.8,0,0
1.4,10,159.4,30,0.5,1.9,32,4,300,3,1,1
1.9,25,117,30,0.67,4.87,30,0.61,750,1.2,1,0
1.4,10,159.4,90,0.5,1.9,32,4,900,9,1,1
1.4,50,164,350,0.5,3.85,38.3,1.33,17500,7,0,0
1.5,50,205,30,0.5,2.229,34,1.8,1500,0.6,1,0
1.4,10,159.4,60,0.5,1.9,32,4,600,6,1,1
0.2,50,205,90,0.5,2.229,34,1.8,4500,1.8,1,0
0.2,50,205,50,0.5,2.229,34,1.8,2500,1,1,0
0.5,25,230,180,0.7,2.03,24.8,1.22,4500,7.2,1,1
0.2,50,205,100,0.5,2.229,34,1.8,5000,2,1,0
0.2,50,205,80,0.5,2.229,34,1.8,4000,1.6,1,0
0.84,25,640,75,1,1.35,34.9,13.6,1875,3,1,1
1.45,50,478.73,100,0.31,1.9,28.6,2.4,5000,2,1,1
0.5,25,230,60,0.7,2.03,24.8,1.22,1500,2.4,1,1
1.4,10,159.4,70,0.5,1.9,32,4,700,7,1,1
1.5,25,173,200,0.88,3.15,52.81,1.92,5000,8,0,0
1.4,25,205,75,1,12.915,35.03,0.28,1875,3,1,0
1.2,50,150,300,3.04,11.25,22.34,0.3,15000,6,0,0
1.5,50,205,50,0.5,2.229,34,1.8,2500,1,1,0
0.5,25,230,160,0.7,2.03,24.8,1.22,4000,6.4,1,1
1.26,10,163.3,150,1,8.432,21.76,0.34,1500,15,1,0
1.4,50,170,200,1.5,11.25,25.3,0.33,10000,4,0,0
1.4,50,164,350,2,4.84,41.8,1.08,17500,7,0,0
1.4,50,164,350,0.99,1.75,15.1,1.74,17500,7,0,1
1.2,50,150,300,0.99,4.82,31.28,0.75,15000,6,0,0
